"math","studteachr","income","lunch","english","expenditure","teach20"
690,17.8899,22.69,2.0408,0,6384.9111,0
661.9,21.5247,9.824,47.9167,4.5833,5099.3809,0
650.9,18.6972,8.978,76.3226,30,5501.9546,0
643.5,17.3571,8.978,77.0492,0,7101.8311,0
639.9,18.6713,9.0803,78.427,13.8577,5235.9878,0
605.4,21.4062,10.415,86.9565,12.4088,5580.147,0
609,19.5,6.577,94.6237,68.7179,5253.3311,0
612.5,20.8941,8.174,100,46.9595,4565.7461,0
616.1,19.9474,7.385,93.1398,30.0792,5355.5483,0
613.4,20.8056,11.6133,87.3164,40.2759,5036.2114,0
618.7,21.2381,8.931,85.8744,52.9148,4547.6924,0
616,21,7.385,98.6056,54.6099,5447.3452,0
619.8,20.6,5.335,98.1308,42.7184,6567.1494,0
622.6,20.0082,8.279,77.1484,20.5339,4818.6128,0
621,18.0278,9.63,76.2712,80.1233,5621.4561,0
619.9,20.252,7.454,94.2957,49.4131,6026.3599,0
624.4,16.9779,6.216,97.7597,85.5397,6723.2378,0
621.7,16.5098,7.764,77.9097,58.9074,5589.8853,0
620.5,22.704,7.022,94.9712,77.0058,5064.6157,0
619.3,19.9111,5.699,93.2292,49.814,5433.5933,0
625.4,18.3333,7.941,100,40.6818,5725.5635,0
622.9,22.619,9.63,91.5464,16.2105,4542.105,0
620.6,19.4483,7.405,70.8167,45.0749,5107.0864,0
623.4,25.0526,9.63,100,39.0756,4659.6616,0
625.7,20.6754,8.019,90.6237,76.6653,4555.4644,0
621.2,18.6824,8.523,85.1472,40.4912,5415.1528,0
626,22.8455,7.9832,88.0349,73.7202,4997.8716,0
630.4,19.2667,7.305,92.1953,70.0115,5223.9121,1
627.1,19.25,8.934,90.2007,55.9622,5139.1646,0
620.4,20.5455,8.554,81.0235,11.0619,4614.252,0
628.7,20.607,6.613,81.5065,80.4201,5342.2334,0
626.9,21.0727,12.409,90.2849,63.1304,5347.4585,0
629.8,21.5358,8.1266,91.5934,65.1219,5036.459,0
625.6,19.904,11.431,55.093,53.4164,5117.1416,0
626.8,21.1941,11.7222,80.1956,49.8231,5117.0396,0
628.2,21.8654,11.3325,84.4338,35.4654,5272.1919,0
630.2,18.3296,9.598,84.7314,56.1255,5225.7192,0
625.3,16.2286,14.558,94.9324,32.3944,6516.5332,0
630.1,19.1786,22.06,81.1173,65.5121,4559.1768,0
627.1,20.2774,9.709,87.7782,53.0554,5119.1582,0
628.7,22.9861,11.4829,71.4331,49.6425,5338.1855,1
635.2,20.4444,8.178,85.8696,45.1087,5090.0449,0
627.7,19.8208,8.174,88.0952,30.3205,5485.4961,0
636.2,23.2052,7.5,100,52.2431,4793.3701,0
631,19.267,10.0505,92.7431,36.8013,5092.9175,0
629.4,23.3019,7.332,62.1302,30.2834,4359.521,0
631.2,21.1883,12.5816,69.7399,49.8646,5645.4956,0
628.9,20.8718,15.177,67.4447,13.7592,4518.0161,0
629.5,19.0175,12.1091,84.295,28.8637,5864.3662,0
632.6,21.9194,11.785,70.8957,52.8048,5257.9966,0
633.7,20.1012,14.062,79.512,44.0851,5016.6924,1
627.1,21.4765,10.472,79.7255,35.25,4720.0864,1
630.7,20.0658,13.4051,69.9425,37.4945,5470.5625,0
634.2,20.3751,12.3018,77.5256,50.3906,5615.4419,1
629.7,22.4465,15.4041,61.7382,31.0726,5245.4399,0
630.5,22.8952,13.762,52.9435,18.2612,4838.1753,0
633,20.498,14.184,81.1165,34.7002,5367.9883,0
627,20,8.865,84.5539,33.2889,5526.2368,0
627.6,22.2566,12.997,52.3964,33.4877,4353.0195,0
632.5,21.5644,11.592,66.1949,38.1588,5034.29,0
636.7,19.4774,8.279,83.1579,36.9295,4692.4937,0
635.8,17.67,10.9056,84.999,32.9895,5606.7817,0
636.7,21.9476,13.4006,82.3926,58.2167,4969.1807,0
632.9,21.7834,11.081,56.0636,17.0036,4675.6748,1
633.1,19.14,9.082,82.1317,17.6594,5306.1328,0
629.6,18.1105,13.39,80.6042,7.3215,5693.8833,0
636.2,20.6824,14.6016,93.9227,31.1982,5181.5796,0
630.5,22.6236,11.116,63.8036,16.6174,5228.6509,0
636.7,21.7865,8.423,100,58.081,5339.3911,0
631.5,18.5829,11.665,84.9206,55.8925,6056.4971,1
636.6,21.5455,7.305,76.7932,5.4852,4845.6802,0
631.1,21.1529,13.7306,68.3964,14.4292,4826.666,0
633.6,16.6333,11.116,83.1193,22.8457,5367.0903,0
636.2,21.1444,10.3644,77.0089,38.7833,5742.7329,0
638.7,19.7818,6.983,86.0294,64.2463,4136.251,0
632.1,18.9837,14.4678,74.851,25.2256,5267.8311,0
633.5,17.6677,14.653,33.0623,5.3824,5238.3921,0
626.1,17.755,10.629,85.5422,6.079,5462.8994,0
630,15.2727,9.781,66.2551,0,6313.3735,0
636.6,14,10.656,68.8235,0,6653.0308,0
638.2,20.5961,11.938,72.8628,34.8892,5533.1494,0
634.8,16.3117,7.385,93.6306,13.0573,6118.7104,0
638.7,21.128,10.676,72.3208,36.0251,5098.627,1
638.3,17.488,9.972,73.5976,34.6535,5652.8789,0
638.3,17.8868,8.258,75.7384,28.692,5329.0024,0
627.8,19.3068,8.896,62.2128,1.7953,5929.8091,0
641.1,20.8923,12.062,80.8683,30.6333,4897.0679,0
641.4,21.2868,9.4289,83.8737,59.0335,5100.2021,0
637.7,20.1956,8.9203,68.5719,13.5593,4825.7227,0
637.9,24.95,10.098,80.9249,5.01,4079.1292,0
636.2,18.1304,11.83,46.0432,0.9592,5349.3677,0
633.8,20,11.553,72.1854,0.6667,5869.3892,0
630.4,18.7295,19.707,67.713,38.512,6462.1279,0
629.8,18.25,7.105,54.1096,0,6231.6016,0
642.7,18.9926,13.725,66.9492,17.1739,4993.8677,0
639.3,19.8876,10.098,59.7222,9.887,4663.811,0
636,19.3789,13.762,64.7474,19.3916,6107.1064,0
640.4,20.4626,9.665,65.7961,36.4894,5324.228,0
646.2,22.2916,10.264,83,39.4,5221.4609,0
638.1,20.7047,11.5692,59.7235,28.6776,5157.7847,0
639.6,19.0601,7.405,66.4384,13.6986,5131.1191,0
640.5,20.2325,12.077,65.3828,11.3498,5279.354,0
638.2,19.6901,11.283,56.0656,3.4426,4704.0439,0
635.9,20.3625,10.035,60.1329,15.4303,6089.9106,0
638.8,19.7542,8.384,63.9055,17.9738,5356.8335,0
637.6,19.3798,13.63,37.0456,22.7177,5144.5493,0
637.8,22.9235,14.1277,51.2421,18.4362,4906.23,0
638.1,19.3734,11.2661,74.2723,16.1717,5489.5889,0
638.3,19.1552,13.39,64.0977,2.0221,5718.5513,0
645.5,21.3,11.938,64.7887,9.6244,4436.1528,0
636.7,18.3036,8.258,80.9756,41.4634,4895.4395,0
639.9,21.0793,14.2267,56.2994,9.899,5159.2188,0
643.3,18.7912,10.472,68.0912,16.0819,5490.6548,0
643,19.6266,14.2429,71.0238,43.4949,5172.0195,0
636.9,19.5902,14.066,69.6203,8.7866,4441.6729,0
641.8,20.8719,15.968,52.9735,39.0244,5220.3701,0
643.6,21.115,10.264,71.7624,53.8903,5252.8105,0
644.3,20.0845,10.6025,70.8064,41.1333,5518.7021,0
642.3,19.9105,10.523,75.5043,1.3833,5609.4878,0
644.7,17.8129,11.238,82.0675,35.443,4945.0317,1
642.6,18.1333,10.056,74.8624,8.6397,5223.0254,0
647.4,19.2222,11.183,54.6541,15.3498,4757.0254,0
644.6,18.6607,7.385,63.4328,19.8565,5522.1616,0
632.9,19.6,13.579,47.1503,3.0612,6087.6089,0
644.1,19.2838,9.63,53.2106,9.8732,4960.5156,0
643.8,22.8182,15.274,44.2597,16.0956,4880.0405,0
647.1,18.8092,14.0343,80.2587,43.499,6538.418,0
647.9,21.3736,10.2397,82.5722,45.038,4925.6597,0
645.1,20.0204,9.485,67.7518,18.1957,5204.6875,0
642.8,21.4986,15.0299,44.4766,15.4877,4907.4106,0
634.3,15.4286,9.781,48.8789,0.9259,5923.4517,0
653.8,22.4,13.192,58.0357,7.5893,4741.957,0
641.7,20.1271,12.216,57.0722,29.0858,4954.0195,0
636.1,19.038,14.076,34.0789,0.133,5500.1079,0
643.9,17.3422,25.4873,39.0368,50.8576,5360.5171,0
636.7,17.0186,14.867,31.3869,11.4964,5685.6392,0
639.4,20.8,9.972,49.5238,13.4615,5594.1963,0
645.7,21.1538,14.578,45.8182,4.7273,4692.5669,0
644.7,18.4583,7.385,69.9774,21.4447,5085.4062,0
643.1,19.1408,12.343,58.5454,12.3537,5456.1973,0
644.1,19.4077,12.4313,56.6751,30.1489,5105.1797,0
640.2,19.569,14.906,59.0308,15.859,5519.6772,0
647.3,21.5012,12.6699,71.9121,43.75,5065.9111,0
633.7,17.5294,10.333,59.0604,0,5182.4282,0
633.1,16.4302,11.972,52.1739,0,5960.4644,0
643.4,19.7965,12.827,65.915,16.6522,5124.8364,0
646.4,17.1861,10.04,70.6577,3.2203,5655.1333,0
647.2,17.6159,13.335,72.1429,0,5811.6899,0
646,20.1254,9.854,47.0299,48.5246,5467.6738,0
639.5,22.1667,11.426,35.8209,0.7519,5213.0894,0
641.5,19.9615,15.131,37.9576,1.9268,4613.1875,0
649.7,19.0395,14.578,40.625,13.5135,4886.9839,0
651.2,15.2244,10.268,76.2774,0,6455.1367,0
645.2,21.1447,15.5929,55.7901,16.7146,5125.4331,0
644,19.6439,11.238,40.5646,5.9435,5193.6924,0
649.4,21.0487,15.0514,55.0939,36.1744,5002.8389,0
648.2,20.1754,15.4132,62.5039,44.9719,5337.6255,0
646.1,21.3913,11.081,43.9024,16.6667,5161.2021,0
651.6,20.0083,10.098,68.8579,15.1872,5158.792,0
649.5,20.2914,14.2983,45.995,34.3378,5123.4741,0
643.8,17.6667,11.803,59.5388,0,5782.5439,0
645.8,18.2206,9.972,32.1871,13.0674,4842.6079,0
643.6,20.271,15.409,7.4866,4.2781,4219.4062,0
651,20.1989,15.2938,58.5331,39.5946,5081.1699,0
648.4,21.3842,15.5329,32.483,21.6684,5144.9937,0
647.7,20.9737,16.293,35.7591,3.2622,4674.2988,0
645.1,20,12.875,39.2857,7.8571,4830.3262,0
654,17.1533,16.623,67.234,39.5745,5621.688,0
652.8,22.3498,12.5499,51.5674,10.1278,4948.8682,0
652.3,22.1701,14.2586,52.1202,27.5218,5100.9756,0
643.4,18.1818,18.326,23.2258,14,5132.7886,1
649.2,18.9571,12.7491,51.7709,8.842,5358.5171,0
648.1,19.7453,11.426,52.2523,6.4058,5149.1865,0
647.1,16.4262,8.83,54.7619,2.3952,5373.2065,0
645.8,16.6254,11.176,89.6996,5.9574,6485.166,0
646.5,16.3818,14.228,59.1304,8.1739,5504.0254,0
645.8,20.0742,15.027,29.7812,15.4589,5105.7344,0
647.7,17.9954,10.521,54.9898,0,5634.731,0
650,19.3913,18.626,17.5439,0,4980.2944,0
645.7,16.4286,22.529,0,0,6113.8599,0
649,16.7295,18.2984,55.1008,31.8246,5850,0
650.7,24.4135,11.8857,32.3697,12.8009,4547.9448,0
648.3,18.2642,9.926,51.6529,0,5011.8403,0
640.8,18.955,14.197,50.7634,3.8462,5261.3706,0
655.9,21.039,9.63,58.2043,2.4691,4276.1152,0
649.4,20.7407,10.639,45.7143,10.7143,4566.27,0
651.8,18.1,14.475,66.8508,0,6049.4951,0
647.5,19.8462,13.467,24.8148,1.938,4974.2812,0
655.8,21.6,9.665,32.1101,4.6296,4432.478,0
647.8,22.4424,12.708,50,5.2506,4924.6191,0
652.6,23.0144,17.823,40.3995,27.5404,4603.6597,0
649.5,17.7489,17.156,31.0345,14.9826,5973.9253,0
653.7,18.2866,19.5896,47.7025,47.8794,5215.9438,0
647.5,19.2654,14.197,46.0504,0,4882.2368,0
644.5,22.6667,11.912,32.3529,1.7647,4145.8359,1
649.6,19.2941,13.386,65.8537,0,7542.0381,0
651.9,17.3636,11.554,59.2138,0,5247.0181,0
648.9,19.8214,19.026,25.3071,7.2891,5169.8149,0
650.1,20.4338,16.407,36.4499,17.028,5951.0059,0
653.1,21.0372,14.058,29.1987,10.4356,4746.5723,1
654.6,19.9246,19.068,30.7692,2.2699,4944.0923,0
651.5,19.0099,20.77,38.2002,28.2479,6306.4873,0
653.7,23.8222,10.264,28.1716,8.7687,4260.3066,0
653.3,19.3691,14.578,28.6645,7.4919,4718.1631,0
652.1,19.8286,10.202,53.6023,9.7983,4751.2998,0
651.8,15.2589,12.502,63.6905,12.5,5653.4536,0
651.3,17.1613,13.906,29.6435,0,5920.2534,0
656.8,21.8133,9.986,76.7726,31.2042,4825.5908,0
650.6,19.0747,13.712,40.9291,1.3692,5532.582,0
648.6,25.7851,10.098,47.8528,9.6154,3926.0696,0
653.5,18.2126,11.291,62.2675,0,5805.6367,0
656.5,18.1661,13.225,41.0546,24.2573,4899.2397,0
655.5,16.973,13.63,10.1266,9.5541,4884.8623,0
656.2,21.5009,14.623,25.8885,5.9253,5139.9375,0
647.6,20.6,8.776,23.301,0.9709,5249.3647,0
660.1,16.9903,10.338,70.2857,18.2857,5399.0703,0
652.7,20.7795,16.323,23.4409,4.9843,4965.29,0
649.7,15.5125,10.6563,56.5217,4.2857,6210.3232,0
649.6,19.8851,14.578,12.5741,3.3526,4797.5034,0
655.2,21.3988,18.6306,21.3434,32.7075,5397.1616,0
657.7,20.4975,11.116,60.9223,9.466,5078.5,0
653.1,19.3638,14.5977,36.89,6.2608,4733.7466,0
657.6,17.6596,15.493,34.0361,13.253,4963.0601,0
649.1,21.018,16.272,34.4471,3.1691,5431.1772,0
659.8,19.0556,13.63,36.6372,16.9911,5382.0889,0
649.6,22.5385,12.394,37.884,0.8532,5724.4419,0
655.8,21.1079,15.331,34.2344,6.6496,4843.4272,0
658.7,20.0514,12.666,40.163,0.1164,5730.3491,0
655.2,14.2018,13.712,20,0,5635.7861,0
654.4,18.4769,17.7803,19.5686,6.9337,5671.6572,0
657.9,18.6354,10.5567,56.0089,9.5584,7070.6333,0
651.9,20.9459,10.523,61.4194,0.9032,5097.3433,0
650.2,21.0855,13.243,39.8487,1.1583,5482.6772,0
656.9,18.6929,22.473,49.4269,40.108,5642.832,0
656.4,20.8681,15.6847,50.9708,16.6632,5280.0234,1
656.7,19.8256,23.4837,32.1368,21.9554,5433.3398,0
653.3,19.75,11.649,25.3165,8.8608,4529.2837,0
649.9,19.5,16.356,36.1345,0.8547,6039.9858,0
642.2,18.3908,14.074,36.7816,0,6168.2295,0
650.9,18.7868,13.437,51.8519,3.9139,5774.9702,0
655.6,19.7702,18.338,25.5596,11.9495,4806.7617,0
655.3,19.3333,11.426,51.5625,3.9927,4840.936,0
660.5,21.4639,15.7499,37.2911,22.9395,4954.4663,0
657.3,23.0849,15.779,17.1508,2.4856,4023.5317,0
659,21.063,14.062,32.6519,9.8715,5179.4111,0
652.7,18.6869,12.174,36.3144,0.5405,4385.2295,0
662.5,20.7702,12.9,26.9433,8.9566,4777.5127,0
656.3,19.3056,10.971,29.4964,6.4748,4862.7905,0
663.2,20.1328,17.4352,32.7655,20.7254,5486.0298,0
656.2,20.6696,14.76,36.7978,0.1873,5486.3823,0
660.4,22.2816,14.603,31.3709,13.9869,4631.2437,0
656,20.6003,13.5223,37.1086,8.7417,5189.6279,0
658.8,20.8273,16.669,31.5,20.0345,4600.6064,0
658.8,19.2249,13.5223,33.6301,1.3834,6735.7754,0
659.4,17.6548,12.518,47.1247,2.0627,5475.1729,0
658.4,17,18.326,33.6,28.5714,5990.7944,0
647.1,16.4977,11.466,30.678,0.1695,7203.2466,0
660.6,19.7826,10.098,54.7619,13.7363,4777.769,0
652.8,22.3022,15.365,21.2687,0,4302.835,0
654.6,17.7308,10.3113,48.8121,0.2169,5630.1948,0
659.8,20.4484,16.9866,22.693,3.121,4708.625,0
661.6,20.3717,9.612,66.2069,47.3684,5629.9614,0
660.9,20.1648,21.1105,15.6559,22.7097,4890.9868,0
664.1,21.6154,16.4733,30.4417,29.1207,4929.3931,0
650.8,20.5614,18.369,21.3793,4.4326,4905.2212,0
663.6,19.9555,16.6541,31.0189,4.8142,5156.8569,0
658.3,21.1839,18.5442,18.3878,5.2492,4941.7876,1
661,18.8104,14.18,42.4468,1.8994,5408.7817,1
659.5,20.5784,18.0296,30.0691,8.6629,4981.3877,0
661.3,18.3246,13.586,0,10.4762,4877.0864,0
663.5,18.8206,12.64,42.6009,1.2422,5111.7393,0
661.7,20.8163,11.103,45.8824,0,5201.5156,0
673.4,20,7.5,56.875,9.375,4138.3057,0
659.5,19.6818,15.506,25.1037,1.3857,5743.5972,0
661.5,19.3902,22.8414,44.3907,35.3421,5702.7051,0
663.4,20.9273,19.8231,27.3545,9.6407,4802.1528,0
655.7,19.9444,16.347,24.7222,2.2315,5442.1431,0
667,20.7911,16.293,14.8509,0.3664,4522.3755,0
663,19.2035,13.248,29.8387,0.576,4965.8081,0
658.4,19.0244,14.01,37.0874,0,5358.3262,0
657.5,17.6206,14.163,25.6055,0.8516,5784.625,0
659.3,20.2372,15.771,20.9263,5.5246,5072.7046,0
662.6,19.2937,14.4833,35.8462,0,5556.041,0
666.8,18.83,14.209,26.2136,0,5190.3101,0
661.3,20.3395,15.167,36.4845,2.4372,5211.4854,0
668.3,19.229,12.5843,43.2165,20.7668,5284.1641,0
670.1,17.8913,10.551,55.2855,2.1871,5331.9209,0
661.8,19.5188,16.956,13.3692,13.6262,5599.6079,0
659.3,19.0845,17.709,25.4296,13.2841,4881.8994,0
657,19.9355,16.272,32.6861,1.9417,4700.4321,0
661.6,18.8733,17.9008,33.8103,23.0616,5650,0
654.6,20.1418,11.834,47.3054,0.6211,5318.2407,1
665.4,23.5564,18.6202,15.9299,3.2555,4709.0542,0
665.8,21.4648,12.431,30.3732,0,5143.1904,0
663.9,19.191,15.167,29.0398,2.2248,5133.0098,0
665.8,20.1308,20.8757,30.6437,18.5584,5081.4556,0
662.3,25.8,10.639,50.3876,6.2016,4016.4163,0
664,18.7777,25.0296,28.3766,18.4575,5374.0503,0
663.4,19.1098,16.7578,31.0828,32.0726,5427.5488,0
674.2,19.7011,15.297,30.1724,3.9655,5179.6445,0
660.9,18.6159,17.3694,24.7471,15.3367,5400,0
667.4,20.9972,22.096,36.0007,27.6652,5726.1465,0
661.5,20,22.842,13.8696,12.5373,5003.8701,0
667.4,20.9833,18.3199,45.7234,12.6802,4969.5112,0
664,21.6426,25.03,15.0886,6.908,4747.2959,0
663.4,20.0297,21.957,31.8519,14.963,4543.3052,0
665.3,19.8114,18.7968,24.6035,11.2693,5229.5913,0
660.4,18,10.639,44.4444,9.7222,4507.353,0
661.3,19.3581,17.508,15.2098,3.3159,5302.6279,0
664.1,20.1791,18.593,18.4941,0.6935,5545.6104,0
661.9,21.1199,11.116,22.8831,5.1411,4615.9087,0
669.5,23.3897,14.0977,22.9839,4.9692,5397.6895,0
661.2,22.1818,12.64,40.1639,6.9672,5118.373,0
665.8,19.9428,20.9364,13.2762,7.9961,5008.0708,0
671.3,17.7883,14.18,32.6087,0.4819,4906.0303,0
666.8,14.7059,11.826,53.5032,2.5,6870.3462,0
662.4,19.0408,18.671,20.581,3.8413,5301.7163,0
666.6,20.892,17.332,16.0651,1.3204,5182.3657,0
664.6,19.8385,17.508,19.8302,4.9123,4999.4688,0
662.7,19.5219,15.572,13.0612,0,6732.0664,0
667.9,20.6862,15.5673,8.6731,0.2224,4612.9897,0
666,18.1818,15.752,29.8643,0,5478.8457,0
666.6,18.8922,20.47,23.642,17.8541,5666.7139,0
675.7,24.8889,9.709,35.2679,4.4643,4742.5142,0
671,18.5806,11.116,28.125,9.5486,4907.3926,0
664.5,18.04,16.321,11.7517,3.9911,5700.4023,0
668.5,17.734,21.967,24.3363,20.6667,5191.8345,1
669.1,21.4545,8.934,51.6667,7.6271,4451.2568,0
671.6,19.9234,19.997,42.964,27.4537,5627.5278,0
672.4,20.3394,18.8272,19.3725,10.8576,4922.9399,0
672.1,22.5461,18.1187,16.9543,5.0257,4969.3809,0
669.7,21.1034,23.6674,30.0851,14.2362,4829.7173,0
657.7,18.1974,22.139,15.3302,0.2358,6716.6929,0
665.4,20.1077,20.546,23.0989,2.0707,5205.9419,0
674.1,19.1598,9.485,44.6809,8.5561,4357.8262,0
669.5,19.5455,11.834,27.1318,0,5195.9189,0
666.5,20.8889,18.799,36.7021,4.7872,6002.0718,0
670.7,18.3915,10.551,46.1221,3.9604,5090.5879,0
670.8,19.1799,15.519,19.53,1.5794,5112.3901,0
668.6,19.3977,21.6317,12.1748,3.5939,5287.355,0
671.3,21.6783,21.0958,15.5128,8.7262,4889.48,0
668,19.2889,15.167,19.0092,0,5118.1304,1
668.3,20.3493,19.117,8.3443,0.2641,5119.123,0
671.8,20.9642,17.62,14.266,1.4479,4792.2114,0
665.7,19.4604,15.167,15.9292,0.1475,5450.1035,0
663.6,19.2857,10.643,33.9181,0,5210.7246,0
674.6,20.9198,20.7391,11.7013,3.705,4715.4458,0
670.7,20.9002,21.566,21.0892,0.2685,4632.0684,0
664.2,20.5957,17.656,10.4142,0,5028.5615,0
671.6,19.375,17.709,12.2581,4.5161,5695.4668,0
668,19.9512,27.816,2.0328,2.4448,4504.2949,0
670.2,18.8497,18.593,29.021,0,5156.437,0
676.5,18.1179,14.263,33.9212,0,5433.5142,0
670.1,19.1834,22.758,25.9868,5.4054,5254.6318,0
672.2,22,12.64,12.7451,0,4593.1968,0
675.7,21.5842,11.238,25.1121,6.422,4320.6787,0
669.3,20.3889,16.956,12.8205,6.5395,4920.7773,0
667,16.2931,17.709,32.1244,14.2857,6905.8691,0
671.5,18.2778,25.622,2.4456,3.6788,5729.9043,0
670.5,19.3747,18.726,11.1818,0.5022,4825.2021,0
666.6,18.9091,13.443,32.8638,0,5388.1704,0
676.6,16.4069,15.18,22.1636,22.6913,5133.8271,0
677.3,15.5914,19.117,0,0,5346.1562,0
672.5,18.7069,13.712,23.0548,0.1416,4789.3091,0
669.8,18.3299,17.508,15.75,2.7335,5329.7822,0
668.4,17.9024,11.834,25.3782,1.6835,5371.1729,0
672.2,18.9116,13.273,66.9065,0,5771.3838,0
679.3,20.325,16.356,14.037,0.1436,4993.6348,0
679.9,20.0246,18.626,11.0429,0,4854.0381,0
673.2,24,23.733,27.7132,11.0465,4392.6797,1
681.1,17.6078,12.934,48.4848,0,5884.4321,0
675.5,19.3485,13.906,4.0404,0,4273.9932,0
677.4,19.6785,15.428,21.7803,0.0633,5146.7842,0
673.2,18.7286,15.381,10.1828,0,5351.5229,0
671.5,15.8824,22.529,0,0,7667.5718,0
678.6,20.0549,23.8061,19.0911,15.0599,5281.709,0
674.7,17.9883,24.603,3.7302,1.4796,5368.5029,0
682.2,16.9663,36.174,8.6093,2.649,6429.2573,0
676.2,19.2394,33.455,6.5353,1.4799,5387.459,0
680.8,19.1959,20.4802,19.2308,4.4699,5235.7749,0
679.4,19.5991,20.134,0,0.3264,4829.8965,0
674.4,20.5435,19.3465,10.6515,2.5397,5088.708,0
676.7,18.5885,36.174,0.6775,0.542,5390.1182,0
679.8,15.6042,22.8633,12.9412,11.5854,6588.4307,0
681.8,15.293,17.709,11.4583,11.3772,6196.6948,0
674.7,17.6554,14.177,14.4,0,4645.4131,0
674,17.5798,41.093,0.5367,1.3749,6489.9287,0
682.5,22.3333,21.957,3.7313,2.2388,5094.959,0
684.9,18.75,16.064,29.3185,5.3333,4841.9585,0
679.5,18.1024,25.737,3.622,2.7732,6315.3125,0
678,20.2564,20.474,16.25,0,5399.3833,0
684.3,18.8021,35.81,6.2709,17.7258,5429.4736,0
682.3,18.7723,13.567,11.4068,0,5644.2861,0
688.2,20.4052,20.089,9.3525,0,6060.2568,0
680.2,18.6508,18.283,5.9322,0.4255,5319.5537,0
687.4,20.7071,25.2397,7.8593,6.0671,4819.9038,0
683.7,22,25.063,12.5,10.1276,5208.2261,0
679.9,17.6998,30.6285,1.8987,3.3755,5859.9648,0
690.3,21.4833,27.4752,4.6909,8.6485,4962.7368,0
681.3,16.701,30.84,20.4819,12.3457,7614.3794,0
686.6,19.5757,34.1595,2.7921,1.5896,5566.4678,0
688.6,17.2581,43.23,0.72,1.4953,7039.9492,0
695,17.3753,27.9478,9.6774,10.3855,6604.064,0
690.1,17.3493,49.939,3.9175,6.134,6180.1489,0
692,16.2623,55.328,1.4164,2.2663,6460.6572,0
694.9,17.7005,35.481,2.4359,2.4786,6415.355,0
691.7,20.1288,34.301,0.1734,0.8936,5230.877,0
695.3,18.2654,38.6286,2.6116,2.4217,5838.1719,0
689.3,14.5421,35.342,0,3.7657,7711.5068,0
695.7,19.1526,31.052,0.3033,1.9629,5592.7651,0
697.3,17.3657,40.264,0.1239,0.578,5933.1543,0
701.1,15.139,35.81,0,2.8073,7593.4058,0
703.6,17.8427,43.23,0,1.3636,6500.4497,0
699.9,15.407,50.677,0,1.1645,7217.2632,0
701.7,18.8653,40.402,0.598,2.0504,5392.6387,0
707.7,16.4741,28.717,3.5569,5.9959,7290.3389,0
709.5,17.8626,41.7341,1.5038,4.7261,5741.4629,0
641.7,21.8859,23.733,37.1938,24.263,4402.8315,0
676.5,20.2,9.952,59.4059,2.9703,4776.3364,0
651,19.0364,12.502,47.5712,5.0056,5993.3926,1
